/*!40101 SET @OLD_CHARACTER_SET_CLIENT=@@CHARACTER_SET_CLIENT */;
/*!40101 SET @OLD_CHARACTER_SET_RESULTS=@@CHARACTER_SET_RESULTS */;
/*!40101 SET @OLD_COLLATION_CONNECTION=@@COLLATION_CONNECTION */;
/*!40101 SET NAMES utf8mb4 */;

USE kazoku;

/*!40101 SET @OLD_CHARACTER_SET_CLIENT=@@CHARACTER_SET_CLIENT */;
/*!40101 SET @OLD_CHARACTER_SET_RESULTS=@@CHARACTER_SET_RESULTS */;
/*!40101 SET @OLD_COLLATION_CONNECTION=@@COLLATION_CONNECTION */;
/*!40101 SET NAMES utf8mb4 */;

INSERT INTO `address` (id, zip_code, locality, province, address) VALUES
(1, 29011, 'Málaga', 'Málaga', 'Plaza de los Verdiales'),
(2, 29006, 'Málaga', 'Málaga', 'Plaza de Manuel Azaña'),
(3, 29008, 'Málaga', 'Málaga', 'Calle Carretería'),
(4, 29015, 'Málaga', 'Málaga', 'Calle Granada'),
(9999, 00000, 'No especificado', 'No especificado', 'No especificado');

INSERT INTO `belt` (`id`, `name`) VALUES
(1, 'Blanco'),
(2, 'Blanco-Amarillo'),
(3, 'Amarillo'),
(4, 'Amarillo'),
(5, 'Amarillo-Naranja'),
(6, 'Naranja'),
(7, 'Naranja-Verde'),
(8, 'Verde'),
(9, 'Verde-Azul'),
(10, 'Azul'),
(11, 'Azul-Marrón'),
(12, 'Marrón'),
(13, '1º DAN'),
(14, '2º DAN'),
(15, '3º DAN'),
(16, '4º DAN'),
(17, '5º DAN'),
(18, 'BLANCO-ROJO');

INSERT INTO `center` (`id`, `name`, `address`, `zip_code`, `phone`) VALUES
(2, 'CEIP Félix Revello de Toro\r\n', 'Calle Navarro Ledesma, 168', 29010, 951298573),
(1, 'Fuengirola', 'Calle Boquetillo, S/N', 29640, 672716467);

INSERT INTO `class` (`id`, `schedule`, `trainer`, `minimum_age`, `maximum_age`, `name`, `center_id`, `days`) VALUES
(1, '16:30-17:30', 'José David', 4, 8, 'Mini-Benjamines y Pre-Benjamines', 1, 10),
(2, '17:30-18:30', 'Jose David', 9, 12, 'Benjamines y Alevines', 1, 10),
(3, '18:30-19:30', 'Jose David', 13, 14, 'Infantiles', 1, 10),
(4, '19:30-21:00', 'Jose David', 15, 19, 'Cadetes y Junior', 1, 10),
(5, '20:30-22:30', 'Jose David', 20, NULL, 'Absoluto y Senior', 1, 21),
(9999, '00:00-00:00', 'Nadie', 1, NULL, 'Sin clase asignada', 1, 0);

INSERT INTO `pupil` (`name`,`surname`,`second_surname`,`gender`,`birth_date`,`belt_id`,`class_id`) VALUES
('Davis','Rios','Hurst','1','2019-10-23',11,1),
('Julian','Mann','Harrington','1','2019-07-26',4,5),
('Janna','Walters','Hatfield','0','2019-04-23',4,1),
('Vaughan','Holloway','Guerrero','0','2020-03-25',10,4),
('Freya','Salinas','Hendricks','1','2020-08-07',5,3),
('Dai','Cortez','Lloyd','0','2019-07-19',7,1),
('Fulton','Daniels','Hardy','1','2019-12-28',2,5),
('Isadora','Oliver','Fulton','1','2019-08-05',5,1),
('Britanney','Dyer','Walton','0','2019-11-07',12,3),
('Zenaida','Hale','Taylor','0','2019-10-22',11,5),
('Alice','Hall','Hogan','0','2019-11-11',4,3),
('Lawrence','Mitchell','Melendez','0','2020-04-20',3,1),
('Jeremy','Good','Donaldson','0','2019-03-29',11,5),
('Quintessa','Steele','Calhoun','1','2020-12-29',7,4),
('Dolan','Glover','Mann','0','2020-12-13',5,3),
('Lila','Johns','Brennan','0','2020-03-30',4,3),
('Merritt','Adams','Carver','1','2019-04-19',1,4),
('Ryan','Mccall','Boyle','0','2020-09-24',12,4),
('Minerva','Hicks','Cline','1','2020-08-14',7,4),
('Miriam','Kane','Kerr','0','2019-09-16',8,1),
('Evan','Burt','Clay','1','2020-05-30',1,3),
('Margaret','Meadows','Gray','0','2019-11-23',5,5),
('Christen','Howell','Hurst','1','2019-11-29',5,4),
('Ramona','Roach','Ochoa','0','2019-04-09',11,1),
('Abraham','Mercado','Ingram','1','2020-02-07',1,5),
('Raya','Lancaster','Tanner','0','2019-05-04',6,3),
('Kirsten','Morrow','Kirby','1','2020-03-30',1,2),
('Brynne','Michael','Fulton','0','2020-03-24',3,5),
('Samuel','Valenzuela','Mcgee','1','2021-03-14',7,3),
('Libby','Schwartz','Munoz','1','2020-07-26',8,2),
('Cora','Byers','Gonzales','1','2020-03-14',12,3),
('Shannon','Moody','Jones','1','2019-09-20',11,3),
('Jana','Griffith','Townsend','0','2021-01-18',3,2),
('Rogan','Browning','Pratt','1','2020-09-04',12,4),
('Beck','Dunlap','Ware','0','2020-07-21',12,5),
('Barrett','Conrad','Miranda','0','2019-03-29',2,5),
('Quyn','Dudley','Chase','0','2019-09-17',5,1),
('Ronan','Adams','Sawyer','0','2019-09-10',8,3),
('Keiko','Estes','Mendez','1','2019-10-30',9,4),
('Finn','Hopper','Ross','1','2019-12-01',9,4),
('Richard','Cunningham','Robertson','0','2019-05-23',6,2),
('Maryam','Parsons','Green','0','2020-11-09',12,2),
('Buffy','Rasmussen','Padilla','1','2019-11-13',9,4),
('Wendy','Booth','Bird','1','2019-07-27',10,4),
('Zephr','Barrett','Bennett','1','2019-10-11',9,3),
('Jorden','Snow','Cohen','0','2020-07-27',5,1),
('Murphy','Hicks','Joyce','1','2021-02-20',1,5),
('Velma','Munoz','Carrillo','0','2019-10-07',10,3),
('Marah','Velez','Acevedo','0','2021-03-07',8,5),
('Kasimir','Calderon','Elliott','0','2019-04-15',6,3),
('Melvin','Orr','Hawkins','1','2020-07-09',5,4),
('Claire','Moreno','Gamble','0','2020-01-24',12,5),
('Wallace','Hammond','Bonner','1','2019-12-14',7,4),
('Keegan','Vance','Stevenson','1','2020-09-22',9,2),
('Laurel','Mcgee','Boyer','1','2020-07-17',2,3),
('Lana','Gill','Mcdowell','0','2020-11-04',6,3),
('Cadman','Cannon','Wyatt','1','2020-02-13',2,1),
('Evelyn','Savage','Crosby','1','2019-12-02',6,5),
('Miriam','Newton','Jacobson','1','2020-06-06',9,5),
('Noelle','Murphy','Dunn','1','2019-08-28',8,3),
('Rinah','Pickett','Lancaster','0','2019-06-28',7,3),
('Sharon','Romero','Ford','0','2021-03-14',3,3),
('Denton','Barber','Mcdowell','0','2020-05-17',1,5),
('Rashad','Casey','Jordan','1','2020-03-08',3,4),
('Sopoline','Hess','Reid','0','2019-06-11',10,4),
('Irene','Forbes','Hull','0','2020-11-24',10,3),
('Sacha','Torres','Mckay','0','2021-01-08',1,1),
('Thaddeus','Glover','Sutton','0','2020-06-08',12,3),
('Bradley','Gates','Pickett','0','2020-12-22',7,5),
('Chaim','Baldwin','Wolfe','1','2020-07-13',10,3),
('Brenda','Bass','Erickson','1','2020-11-06',11,4),
('Cyrus','Cook','Bender','0','2021-02-11',8,2),
('Rhona','Flores','Farrell','0','2019-03-30',7,2),
('Jack','May','Rhodes','1','2020-11-07',3,4),
('Chloe','Mcguire','Buckley','0','2019-12-01',9,4),
('Fletcher','Riggs','Rivers','0','2020-02-17',1,4),
('Keane','Gardner','Farley','0','2019-11-25',10,5),
('Dale','Avery','Small','1','2019-07-18',1,4),
('Madison','Joyce','Wood','1','2019-07-10',11,5),
('Ginger','Frank','Hebert','0','2020-08-20',1,2),
('Ryan','Meyers','Baldwin','0','2020-04-27',6,4),
('Beatrice','Noble','Wiley','1','2021-02-12',7,1),
('Dane','Pacheco','Whitaker','0','2019-08-16',4,3),
('Barbara','Haley','Obrien','0','2020-11-23',6,1),
('Ryder','Noble','Burnett','1','2020-02-19',7,4),
('Jennifer','Bishop','Vasquez','0','2020-12-16',12,4),
('Dorothy','Bailey','Frazier','0','2020-09-06',6,2),
('Brent','Reyes','Johnston','0','2020-11-02',1,5),
('Faith','Talley','Burch','0','2021-01-04',6,2),
('Carter','Rasmussen','Holman','0','2019-05-02',3,4),
('Brenden','Foreman','Mays','1','2019-08-30',4,5),
('Diana','Oneal','Hatfield','1','2019-05-15',5,2),
('Kenneth','Middleton','Sheppard','1','2020-01-12',6,2),
('Guy','Molina','Mitchell','1','2020-11-27',9,2),
('Galvin','Carey','Hickman','1','2020-01-10',10,5),
('Kasimir','Valenzuela','Talley','1','2020-09-20',2,4),
('Kai','Hodge','House','1','2019-08-06',4,1),
('Alfonso','Fernandez','Aguilar','0','2021-03-09',1,2),
('Wyatt','Palmer','Francis','0','2021-02-19',7,1),
('Illiana','Rivas','Ramos','1','2019-11-21',9,2),
('Gregory','Erickson','Sweeney','1','2020-12-22',6,1),
('Jena','Stanley','Beard','0','2019-11-15',7,2),
('Yeo','Mitchell','Oneil','1','2020-02-05',8,1),
('Philip','Wilcox','May','1','2019-12-19',3,2),
('Macon','Copeland','Rivas','0','2020-12-16',4,3),
('Genevieve','Welch','Adams','0','2019-11-26',4,1),
('Boris','Randall','Dickson','0','2019-08-11',5,4),
('Aladdin','Trujillo','Ray','0','2019-11-09',2,1),
('Kylan','Dudley','Conrad','0','2019-07-30',5,2),
('Yen','Stewart','Daniel','0','2020-01-29',11,4),
('Tiger','Weber','Mccarthy','0','2019-07-23',9,4),
('Iona','Francis','Boyle','1','2020-02-28',12,5),
('Shay','Blanchard','Weaver','1','2021-01-11',10,5),
('Chancellor','Petty','Benton','0','2020-04-30',1,4),
('Charles','Cohen','Franco','0','2019-06-20',4,5),
('Rose','Palmer','Mccullough','1','2020-08-02',2,4),
('Tatiana','Kelley','Ferrell','0','2021-01-24',6,3),
('Maris','Scott','Jimenez','0','2020-01-26',1,4),
('Amir','Hunter','Roach','0','2019-05-05',8,5),
('Kitra','Salazar','Walters','1','2020-06-18',12,1);

INSERT INTO kazoku.users (id, confirmed, `rank`, username, name, phone, surname, second_surname, password, email, email_confirmed) VALUES
(1, 0, 3, 'misko', 'misko', 123456789, 'jons', 'garcia', 'a03ab19b866fc585b5cb1812a2f63ca861e7e7643ee5d43fd7106b623725fd67', 'albertogomp@gmail.com', 1),
(2, 1, 0, 'Thana', 'Alberto', 609914731, 'Gómez', '', 'a03ab19b866fc585b5cb1812a2f63ca861e7e7643ee5d43fd7106b623725fd67', 'personal@albertogomp.es', 1),
(4, 0, 2, 'Bruce', 'Quinn', null, 'Fritz', 'garcia', 'a03ab19b866fc585b5cb1812a2f63ca861e7e7643ee5d43fd7106b623725fd67', 'bstrosin@example.net', 1),
(5, 0, 2, 'Davis', 'Rios', null, 'Kai', 'garcia', 'a03ab19b866fc585b5cb1812a2f63ca861e7e7643ee5d43fd7106b623725fd67', 'renee.feest@example.net', 1),
(6, 0, 2, 'Julian', 'Mann', null, 'Zenaida', 'garcia', 'a03ab19b866fc585b5cb1812a2f63ca861e7e7643ee5d43fd7106b623725fd67', 'alfred.kutch@example.org', 1),
(7, 0, 2, 'Adele', 'Patterson', null, 'Hall', 'garcia', 'a03ab19b866fc585b5cb1812a2f63ca861e7e7643ee5d43fd7106b623725fd67', 'vsimonis@example.com', 1),
(8, 0, 2, 'Janna', 'Walters', null, 'Alice', 'garcia', 'a03ab19b866fc585b5cb1812a2f63ca861e7e7643ee5d43fd7106b623725fd67', 'zrunolfsdottir@example.com', 1),
(9, 0, 2, 'Vaughan', 'Holloway', null, 'Lawrence', 'garcia', 'a03ab19b866fc585b5cb1812a2f63ca861e7e7643ee5d43fd7106b623725fd67', 'lindsey39@example.net', 1),
(10, 0, 2, 'Venus', 'Edwards', null, 'Xavier', 'garcia', 'a03ab19b866fc585b5cb1812a2f63ca861e7e7643ee5d43fd7106b623725fd67', 'goyette.mariela@example.org', 1),
(11, 0, 2, 'Freya', 'Salinas', null, 'Jeremy', 'garcia', 'a03ab19b866fc585b5cb1812a2f63ca861e7e7643ee5d43fd7106b623725fd67', 'pmertz@example.net', 1),
(12, 0, 2, 'Thane', 'Castro', null, 'Quintessa', 'garcia', 'a03ab19b866fc585b5cb1812a2f63ca861e7e7643ee5d43fd7106b623725fd67', 'ernser.dolores@example.net', 1),
(13, 0, 2, 'Wynter', 'Mercado', null, 'Dolan', 'garcia', 'a03ab19b866fc585b5cb1812a2f63ca861e7e7643ee5d43fd7106b623725fd67', 'jade08@example.net', 1),
(14, 0, 2, 'Melyssa', 'Kent', null, 'Lila', 'garcia', 'a03ab19b866fc585b5cb1812a2f63ca861e7e7643ee5d43fd7106b623725fd67', 'damaris.reichel@example.net', 1),
(15, 0, 2, 'Rowan', 'Montgomery', null, 'Merritt', 'garcia', 'a03ab19b866fc585b5cb1812a2f63ca861e7e7643ee5d43fd7106b623725fd67', 'gabe.reinger@example.net', 1),
(16, 0, 2, 'Dai', 'Cortez', null, 'Ryan', 'garcia', 'a03ab19b866fc585b5cb1812a2f63ca861e7e7643ee5d43fd7106b623725fd67', 'zquitzon@example.net', 1),
(17, 0, 2, 'Blaze', 'Irwin', null, 'Juliet', 'garcia', 'a03ab19b866fc585b5cb1812a2f63ca861e7e7643ee5d43fd7106b623725fd67', 'mrolfson@example.net', 1),
(18, 0, 2, 'Fulton', 'Daniels', null, 'Ezekiel', 'garcia', 'a03ab19b866fc585b5cb1812a2f63ca861e7e7643ee5d43fd7106b623725fd67', 'zruecker@example.com', 1),
(19, 0, 2, 'Jason', 'Thompson', null, 'Thaddeus', 'garcia', 'a03ab19b866fc585b5cb1812a2f63ca861e7e7643ee5d43fd7106b623725fd67', 'donnelly.brooks@example.com', 1),
(20, 0, 2, 'Lamar', 'Butler', null, 'Minerva', 'garcia', 'a03ab19b866fc585b5cb1812a2f63ca861e7e7643ee5d43fd7106b623725fd67', 'mueller.vivian@example.net', 1),
(21, 0, 2, 'Brenna', 'Patrick', null, 'Miriam', 'garcia', 'a03ab19b866fc585b5cb1812a2f63ca861e7e7643ee5d43fd7106b623725fd67', 'xsawayn@example.org', 1),
(22, 0, 2, 'Isadora', 'Oliver', null, 'Oliver', 'garcia', 'a03ab19b866fc585b5cb1812a2f63ca861e7e7643ee5d43fd7106b623725fd67', 'sipes.lisette@example.net', 1),
(23, 0, 2, 'Britanney', 'Dyer', null, 'Keefe', 'garcia', 'a03ab19b866fc585b5cb1812a2f63ca861e7e7643ee5d43fd7106b623725fd67', 'wisozk.erling@example.net', 1);

/*!40101 SET CHARACTER_SET_CLIENT=@OLD_CHARACTER_SET_CLIENT */;
/*!40101 SET CHARACTER_SET_RESULTS=@OLD_CHARACTER_SET_RESULTS */;
/*!40101 SET COLLATION_CONNECTION=@OLD_COLLATION_CONNECTION */;
